{
  "driver": "GTiff",
  "width": 5960,
  "height": 4972,
  "count": 3,
  "dtype": "uint8",
  "crs": "EPSG:32638",
  "transform": [
    0.16821287618023179,
    0.0,
    419565.7147370741,
    0.0,
    -0.16821287618022807,
    1687822.893583643
  ],
  "bounds": {
    "left": 419565.7147370741,
    "bottom": 1686986.539163275,
    "right": 420568.2634791083,
    "top": 1687822.893583643
  }
}